"","station_name","location_name"
"1","0","v2lchases"
"2","01 MG pasteleiro","Monte da Guia"
"3","01 MG Pasteleiro","Monte da Guia"
"4","02 MG almeida","Monte da Guia"
"5","03 MG caldeirinha fora","Monte da Guia"
"6","04 MG caldeirinha dentro","Monte da Guia"
"7","06 MG ponta radares","Monte da Guia"
"8","07 MG entremontes","Monte da Guia"
"9","08 MG doca","Monte da Guia"
"10","1","Aberdeen Bay"
"11","1","Tosenfjorden"
"12","1","Dubh Loch"
"13","1","vinhos 1"
"14","1","v2lchases"
"15","1","MPA Palma"
"16","10","Aberdeen Bay"
"17","10","MPA Palma"
"18","10","vinhos 10"
"19","10","Dubh Loch"
"20","10","v2lchases"
"21","11","v2lchases"
"22","11","Aberdeen Bay"
"23","11","Dubh Loch"
"24","11","MPA Palma"
"25","11","Tosenfjorden"
"26","11","vinhos 11"
"27","12","v2lchases"
"28","12","Aberdeen Bay"
"29","12","MPA Palma"
"30","12","12"
"31","12","Dubh Loch"
"32","12","vinhos 12"
"33","12","Tosenfjorden"
"34","13","MPA Palma"
"35","13","13"
"36","13","Tosenfjorden"
"37","13","Aberdeen Bay"
"38","13","v2lchases"
"39","13","Dubh Loch"
"40","14","Aberdeen Bay"
"41","14","Tosenfjorden"
"42","14","v2lchases"
"43","14","14"
"44","14","MPA Palma"
"45","15","15"
"46","15","Aberdeen Bay"
"47","16","16"
"48","16","Tosenfjorden"
"49","16","v2lchases"
"50","16","Aberdeen Bay"
"51","17","17"
"52","17","v2lchases"
"53","17","Tosenfjorden"
"54","17","Aberdeen Bay"
"55","18","Tosenfjorden"
"56","18","v2lchases"
"57","18","Aberdeen Bay"
"58","19","Tosenfjorden"
"59","19","19"
"60","19","v2lchases"
"61","19","Aberdeen Bay"
"62","2","vinhos 2"
"63","2","Dubh Loch"
"64","2","Aberdeen Bay"
"65","2","MPA Palma"
"66","2","v2lchases"
"67","20","Aberdeen Bay"
"68","20","v2lchases"
"69","20","Tosenfjorden"
"70","21","21"
"71","21","v2lchases"
"72","21","Aberdeen Bay"
"73","22","v2lchases"
"74","22","Aberdeen Bay"
"75","22","22"
"76","23","v2lchases"
"77","23","23"
"78","23","Aberdeen Bay"
"79","24","v2lchases"
"80","24","Aberdeen Bay"
"81","24","24"
"82","25","Aberdeen Bay"
"83","25","v2lchases"
"84","26","Aberdeen Bay"
"85","26","Tosenfjorden"
"86","26","26"
"87","26","v2lchases"
"88","27","Aberdeen Bay"
"89","27","v2lchases"
"90","28","Tosenfjorden"
"91","28","Aberdeen Bay"
"92","28","v2lchases"
"93","29","Tosenfjorden"
"94","29","v2lchases"
"95","29","Aberdeen Bay"
"96","3","vinhos 3"
"97","3","Tosenfjorden"
"98","3","v2lchases"
"99","3","MPA Palma"
"100","3","Aberdeen Bay"
"101","3","Dubh Loch"
"102","30","Tosenfjorden"
"103","30","v2lchases"
"104","30","Aberdeen Bay"
"105","31","Aberdeen Bay"
"106","31","v2lchases"
"107","31","Tosenfjorden"
"108","32","Aberdeen Bay"
"109","32","Tosenfjorden"
"110","32","v2lchases"
"111","33","Tosenfjorden"
"112","33","Aberdeen Bay"
"113","33","v2lchases"
"114","34","v2lchases"
"115","34","Aberdeen Bay"
"116","34","Tosenfjorden"
"117","35","Tosenfjorden"
"118","35","35"
"119","35","v2lchases"
"120","35","Aberdeen Bay"
"121","36","v2lchases"
"122","36","Tosenfjorden"
"123","37","v2lchases"
"124","37","Tosenfjorden"
"125","38","Tosenfjorden"
"126","38","v2lchases"
"127","39","v2lchases"
"128","39","Tosenfjorden"
"129","3 milhas","3 milhas"
"130","4","v2lchases"
"131","4","Aberdeen Bay"
"132","4","vinhos 4"
"133","4","MPA Palma"
"134","4","Dubh Loch"
"135","40","v2lchases"
"136","40","Tosenfjorden"
"137","41","Tosenfjorden"
"138","41","v2lchases"
"139","42","v2lchases"
"140","42","Tosenfjorden"
"141","43","Tosenfjorden"
"142","43","v2lchases"
"143","44","v2lchases"
"144","44","Tosenfjorden"
"145","45","Tosenfjorden"
"146","45","v2lchases"
"147","46","Tosenfjorden"
"148","46","v2lchases"
"149","47","Tosenfjorden"
"150","47","v2lchases"
"151","48","v2lchases"
"152","49","v2lchases"
"153","49","Tosenfjorden"
"154","5","MPA Palma"
"155","5","vinhos 5"
"156","5","5"
"157","5","v2lchases"
"158","5","Aberdeen Bay"
"159","5","Dubh Loch"
"160","5","Tosenfjorden"
"161","50","v2lchases"
"162","50","Tosenfjorden"
"163","51","v2lchases"
"164","51","Tosenfjorden"
"165","52","v2lchases"
"166","52","Tosenfjorden"
"167","53","v2lchases"
"168","53","Tosenfjorden"
"169","54","v2lchases"
"170","55","v2lchases"
"171","55","Tosenfjorden"
"172","56","v2lchases"
"173","56","Tosenfjorden"
"174","57","Tosenfjorden"
"175","57","v2lchases"
"176","58","v2lchases"
"177","59","v2lchases"
"178","6","MPA Palma"
"179","6","Aberdeen Bay"
"180","6","Dubh Loch"
"181","6","Tosenfjorden"
"182","6","6"
"183","6","vinhos 6"
"184","6","v2lchases"
"185","60","Tosenfjorden"
"186","60","v2lchases"
"187","61","Tosenfjorden"
"188","61","v2lchases"
"189","62","v2lchases"
"190","62","Tosenfjorden"
"191","63","v2lchases"
"192","63","Tosenfjorden"
"193","64","Tosenfjorden"
"194","64","v2lchases"
"195","65","v2lchases"
"196","65","Tosenfjorden"
"197","66","v2lchases"
"198","66","Tosenfjorden"
"199","67","v2lchases"
"200","67","Tosenfjorden"
"201","68","v2lchases"
"202","68","Tosenfjorden"
"203","69","Tosenfjorden"
"204","69","v2lchases"
"205","7","Dubh Loch"
"206","7","MPA Palma"
"207","7","vinhos 7"
"208","7","7"
"209","7","Tosenfjorden"
"210","7","v2lchases"
"211","7","Aberdeen Bay"
"212","70","v2lchases"
"213","70","Tosenfjorden"
"214","71","v2lchases"
"215","71","Tosenfjorden"
"216","72","Tosenfjorden"
"217","72","v2lchases"
"218","73","v2lchases"
"219","74","v2lchases"
"220","75","v2lchases"
"221","76","v2lchases"
"222","77","v2lchases"
"223","78","v2lchases"
"224","79","v2lchases"
"225","8","8"
"226","8","Aberdeen Bay"
"227","8","MPA Palma"
"228","8","Dubh Loch"
"229","8","vinhos 8"
"230","8","Tosenfjorden"
"231","8","v2lchases"
"232","80","v2lchases"
"233","81","v2lchases"
"234","82","v2lchases"
"235","9","Aberdeen Bay"
"236","9","v2lchases"
"237","9","MPA Palma"
"238","9","Dubh Loch"
"239","9","vinhos 9"
"240","above-kaunas-1","Above Kaunas HPP"
"241","above-kaunas-2","Above Kaunas HPP"
"242","above-kaunas-3","Above Kaunas HPP"
"243","above-kaunas-4","Above Kaunas HPP"
"244","ak-1","3"
"245","ak-10","10"
"246","ak-11","9"
"247","ak-12","9'"
"248","ak-12","Maas SA barrage Monsin"
"249","ak-13","11"
"250","ak-14","12"
"251","ak-15","13"
"252","ak-16","14"
"253","ak-17","16"
"254","ak-18","15"
"255","ak-19","Uitzet SO2"
"256","ak-2","1"
"257","ak-20","Zuid-Willemsvaart"
"258","ak-20","zuid willemsvaart"
"259","ak-21","Uitzet SO 1"
"260","ak-21","Genk SO1"
"261","ak-22","Genk SO"
"262","ak-23","Genk SA"
"263","ak-24","SO Diepenbeek"
"264","ak-24","Diepenbeek SO"
"265","ak-25","Diepenbeek SA"
"266","ak-26","Hasselt SO"
"267","ak-27","Hasselt SA"
"268","ak-27","SA Hasselt"
"269","ak-28","Toevoerkanaal"
"270","ak-28","Toevoerkanaal "
"271","ak-29","Ham SO"
"272","ak-3","2"
"273","ak-30","ak-30"
"274","ak-30","sluis Ham RO"
"275","ak-31","Ham Sluis Midden"
"276","ak-32","duwvaartsluis Ham"
"277","ak-33","Ham SA"
"278","ak-34","ak-34"
"279","ak-34","Kwaadmechelen -Dessel"
"280","ak-35","Olen SO"
"281","ak-36","Olen SA"
"282","ak-37","Olen SA"
"283","ak-38","Kanaal Dessel - Herentals"
"284","ak-39","Wijnegem SO"
"285","ak-4","6"
"286","ak-40","Wijnegem SA"
"287","ak-41","Royersluis Schelde"
"288","ak-42","Royersluis Albertkanaal"
"289","ak-43","Dessel-Schoten"
"290","ak-44","Boudewijnsluis Albertkanaal"
"291","ak-45","Boudewijnsluis Schelde"
"292","ak-46","Zandvlietsluis Albertkanaal"
"293","ak-47","Zandvlietsluis Schelde"
"294","ak-48","Schelde-Rijn verbinding"
"295","ak-5","4"
"296","ak-6","5"
"297","ak-7","7"
"298","ak-8","8"
"299","ak-9","8' Maas RO thv METRO"
"300","ak-x","sluis Ham"
"301","Alhos E","Alhos E"
"302","Alpertuche","Alpertuche"
"303","Alpertuche_Fora","Alpertuche_Fora"
"304","AMP1","Banyuls Cerbere MPA"
"305","AMP10","Banyuls Cerbere MPA"
"306","AMP11","Banyuls Cerbere MPA"
"307","AMP12","Banyuls Cerbere MPA"
"308","AMP13","Banyuls Cerbere MPA"
"309","AMP14","Banyuls Cerbere MPA"
"310","AMP2","Banyuls Cerbere MPA"
"311","AMP3","Banyuls Cerbere MPA"
"312","AMP4","Banyuls Cerbere MPA"
"313","AMP5","Banyuls Cerbere MPA"
"314","AMP6","Banyuls Cerbere MPA"
"315","AMP7","Banyuls Cerbere MPA"
"316","AMP8","Banyuls Cerbere MPA"
"317","AMP9","Banyuls Cerbere MPA"
"318","Anicha_in","Anicha_in"
"319","Anicha_out","Anicha_out"
"320","APPA E","APPA E"
"321","APPA N","APPA N"
"322","APPA S","APPA S"
"323","APPA W (4)","APPA W"
"324","ar01","ar01"
"325","ar02","ar02"
"326","ar03","ar03"
"327","ar04","ar04"
"328","ar05","ar05"
"329","ar06","ar06"
"330","ar07","ar07"
"331","ar08","ar08"
"332","ar09","ar09"
"333","ARK Noord","2 meter vanaf kant"
"334","ARK Zuid","2 meter vanaf kant"
"335","AspOud","Bovenschelde - Halverwege Asper/Oudenaarde"
"336","BA","Argelès Harbour"
"337","Baia Armação","Baia Armação - estrutura dos Kelps"
"338","Baleeira","Baleeira"
"339","Barra Faro Olhão","Barra Faro Olhão"
"340","BB","Le Barcares Harbour"
"341","BC","Canet Harbour"
"342","BCY","Saint Cyprien Harbour"
"343","below-kaunas-1","Below Kaunas HPP"
"344","below-kaunas-2","Below Kaunas HPP"
"345","below-kaunas-3","Below Kaunas HPP"
"346","below-kaunas-4","Below Kaunas HPP"
"347","Belreef 2","500m"
"348","Berlagerbrug","Rechts"
"349","bh-1","Zeebrugge SA uitwatering zout"
"350","bh-10","BOEREKREEK NATUURRESERVAAT"
"351","bh-11","LEOPOLDKANAAL BRUG WATERVLIET"
"352","bh-12","Isabella-400m SO Stenenschuurbrug"
"353","bh-13","Isabella- Stenenschuurbrug"
"354","bh-14","Legemeersbeek 1a"
"355","bh-15","Legemeersbeek 2"
"356","bh-16","Isabella-400m SA uitwatering Legemeersa"
"357","bh-17","Isabella-800m SA uitwatering Legemeersa"
"358","bh-18","ISABELLAGELEED SA STUW"
"359","bh-19","Isabellageleed SO stuw"
"360","bh-2","Zeebrugge zoet"
"361","bh-20","Notelaarsbrug"
"362","bh-21","Toevoerkanaal Isabellagemaal"
"363","bh-22","Leopoldkanaal nood zoekt troost"
"364","bh-23","Isabellakanaal"
"365","bh-24","ZWARTESLUISBEEK"
"366","bh-25","Zwartesluisbeek SO Fuiken 1"
"367","bh-26","GROTE KIL SO"
"368","bh-27","VLIETBEEK SA"
"369","bh-28","VLIETBEEK SO"
"370","bh-29","GROTE GEUL UITSTROOM"
"371","bh-3","Leopoldkanaal Strobrugge"
"372","bh-30","GROTE GEUL NOTARIS"
"373","bh-31","Houten brug SA gemaal"
"374","bh-32","Braakman 4"
"375","bh-33","Braakman 5"
"376","bh-33","Braakman"
"377","bh-34","Braakman 3"
"378","bh-35","Braakman 2"
"379","bh-36","Braakman 1"
"380","bh-37","Haven SA Braakman"
"381","bh-4","Leopoldkanaal Strobrugge"
"382","bh-5","SA stuw St Laureins"
"383","bh-6","STUW SINT LAUREINS SO (vervanging)"
"384","bh-6","SO stuw St Laureins"
"385","bh-7","LEOPOLDKANAAL ZONNEBRUG"
"386","bh-8","BOEREKREEK MONDING ROESELAREKREEK"
"387","bh-9","LEOPOLDKANAAL MONDING BOEREKREEK"
"388","BL","Leucate Harbour"
"389","Blackfish","Blackfish"
"390","BM","Sainte Marie Harbour"
"391","BN","Saint Nazaire Harbour"
"392","bn-Lier","Beneden Nete Lier"
"393","bn-Walem","Beneden Nete Walem SO Rupel"
"394","Boezem Spaarne","Achter gemaal"
"395","Bóia CIMA (Erwan)","Guadiana estuary"
"396","Bovenschelde - stroomop complex Kerkhove","Bovenschelde - Stroomop Complex Kerkhove"
"397","BP-1","BP-1"
"398","BP-2","BP-2"
"399","BP-3","BP-3"
"400","BP-4","BP-4"
"401","BP-5","BP-5"
"402","BP-6","BP-6"
"403","bpns-A1BIS","Belwind C05-AR6"
"404","bpns-B05BELWIND","B05 Belwind"
"405","bpns-B05BELWIND","bpns-B05Belwind"
"406","BPNS-Belreef1","Belreef1"
"407","bpns-Belwind C05",NA
"408","bpns-BelwindReefballs","bpns-BelwindReefballs"
"409","bpns-Belwindreefballs-CPOD","bpns-Belwindreefballs-CPOD"
"410","bpns-Birkenfels","bpns-Birkenfels"
"411","bpns-Birkenfels",NA
"412","bpns-BIRKENFELS","bpns-BIRKENFELS"
"413","bpns-BIRKENFELS","BIRKENFILS"
"414","bpns-BIRKENFELS",""
"415","bpns-boudewijn","Boudewijn"
"416","bpns-buitenratel","Buitenratel"
"417","bpns-Buitenratel","bpns-Buitenratel"
"418","bpns-Buitenratel",NA
"419","bpns-C05AR1Belwind","Belwind C05-AR1"
"420","bpns-C05AR2Belwind","Belwind C05-AR2"
"421","bpns-C05AR3Belwind","Belwind C05-AR3"
"422","bpns-C05BELWIND","C05 Belwind"
"423","bpns_CNB01","bpns_CNB01"
"424","bpns-CNB02","bpns-CNB02"
"425","bpns-CNB03","bpns-CNB03"
"426","bpns-CNB04","bpns-CNB04"
"427","bpns-CNB05","bpns-CNB05"
"428","bpns-CNB06","bpns-CNB06"
"429","bpns-CNB07","bpns-CNB07"
"430","bpns-CNB08","bpns-CNB08"
"431","bpns-CNB09","bpns-CNB09"
"432","bpns-CNB10","bpns-CNB10"
"433","bpns-CNB11","bpns-CNB11"
"434","bpns-CNB12","bpns-CNB12"
"435","bpns-CNB13","bpns-CNB13"
"436","bpns-CNB14","bpns-CNB14"
"437","bpns-Cpowerreefballs",NA
"438","bpns-CPowerReefballs","bpns-CPowerReefballs"
"439","bpns-Cpowerreefballs-CPOD","bpns-Cpowerreefballs-CPOD"
"440","bpns-D1","D1"
"441","bpns-D1",NA
"442","bpns-Duc de Normandie","Duc de Normandie, Shipwreck"
"443","bpns-Faulbaums",NA
"444","bpns-G88",NA
"445","bpns-G-88","bpns-G-88"
"446","bpns-Gardencity",NA
"447","bpns-Gardencity","bpns-Gardencity"
"448","bpns-GARDENCITY","GARDEN CITY"
"449","bpns-Gootebank",NA
"450","bpns-Grafton",NA
"451","bpns-HMS Grafton","bpns-HMS Grafton"
"452","bpns-HMS Grafton",NA
"453","bpns-KB2","KB-2"
"454","bpns-Kilmore","bpns-Kilmore"
"455","bpns-Kilmore","Kilmore, shipwreck"
"456","bpns-Lottobuoy",NA
"457","bpns-Lottobuoy","Boei bij Reefballs C-Power"
"458","bpns-LottoBuoy","bpns-LottoBuoy"
"459","bpns-LST420",NA
"460","bpns-middelkerkebank","Middelkerkebank"
"461","bpns-Middelkerke South",NA
"462","bpns-Nautica Ena","bpns-Nautica Ena"
"463","bpns-Nautica Ena",NA
"464","bpns-NHSE","NOORD HINDER SE"
"465","bpns-nieuwpoortbank","Nieuwpoortbank"
"466","bpns-nieuwpoortbank","bpns-nieuwpoortbank"
"467","bpns-NIEUWPOORTKUST8","Nieuwpoort Kust 8"
"468","bpns-NIEUWPOORTKUST8","bpns-NIEUWPOORTKUST8"
"469","bpns-NobelwindG10","bpns-NobelwindG10"
"470","bpns-Noordede","bpns-Noordede"
"471","bpns-O6","O6"
"472","bpns-O6","O 6 OOSTENDE"
"473","bpns-OH1","bpns-OH1"
"474","bpns-OOSTDYCK","OOST – DYCK"
"475","bpns-OOSTDYCK","bpns-OOSTDYCK"
"476","bpns-oostdyck west",NA
"477","bpns-Oostendebank Oost",NA
"478","bpns-Reefballs belwind",NA
"479","bpns-Reefballs Belwind",NA
"480","bpns-Reefballs-cpower",NA
"481","bpns-RTNZ01","RTNZ01"
"482","bpns-RTNZ02","RTNZ02"
"483","bpns-RTNZ03","RTNZ03"
"484","bpns-RTNZ04","RTNZ04"
"485","bpns-RTNZ05","RTNZ05"
"486","bpns-RTNZ06","RTNZ06"
"487","bpns-RTNZ07","RTNZ07"
"488","bpns-RYCO","bpns-RYCO"
"489","bpns-S4","S4"
"490","bpns-S7","S 7"
"491","bpns-Sigurd Faulbaums","bpns-Sigurd Faulbaums"
"492","bpns-Trapegeer","Trapegeer"
"493","bpns-vandamme","Vandamme"
"494","bpns-VG2",NA
"495","bpns-VG2","VG-2"
"496","bpns-VG2","VG2"
"497","bpns-W1","W1"
"498","bpns-Wenduinebankw",NA
"499","bpns-WENDUINEBANKW","WENDUINE BANK W"
"500","bpns-Wenduinebank West",NA
"501","bpns-Westhinder","bpns-Westhinder"
"502","bpns-Westhinder",NA
"503","bpns-Whitley","Whitley"
"504","bpns-WK12",NA
"505","bpns-WK12","WK12"
"506","bpns-WK14","WK14"
"507","bpns-WK16",NA
"508","bpns-WK9",NA
"509","bpns-WKSabrina","WK-Sabrina"
"510","bpns-WKSabrina","bpns-WKSabrina"
"511","bpns-WZ","WZ"
"512","bpns-WZ","bpns-WZ"
"513","bpns-ZAND4","ZAND4"
"514","bpns-zbe1","Zeebrugge East 1"
"515","bpns-zbe2","Zeebrugge East 2"
"516","bpns-zbe3","Zeebrugge East 3"
"517","bpns-zbw1","Zeebrugge West 1"
"518","bpns-zbw2","Zeebrugge West 2"
"519","bpns-zbw3","Zeebrugge West 3"
"520","bpns-ZOKN","ZOKN"
"521","bpns-ZW1","ZW1"
"522","Cabo_Afonso","Cabo_Afonso"
"523","Cabo Afonso - WP28","Arrábida - Cabo Afonso - WP28"
"524","Calhau_dos_Alhos","Calhau_dos_Alhos"
"525","CL1","Cap Leucate"
"526","CL2","Cap Leucate"
"527","CL2_bis","Cap Leucate"
"528","CL3","Cap Leucate"
"529","CL4","Cap Leucate"
"530","CL5","Cap Leucate"
"531","CL6","Cap Leucate"
"532","Coelho","Coelho"
"533","Coll1","Collioure"
"534","Coll2","Collioure"
"535","Coll3","Collioure"
"536","Cruquius","Overzijde Spaarne"
"537","de-1","fietsersbrug aarschot"
"538","de-10","IN_MZ_RODEMER"
"539","de-11","SO_MZ_ROZB"
"540","de-12","de-12"
"541","de-12","SA_SB_LODE"
"542","de-12","IN_VB_LODEMER"
"543","de-12","SA_SB_RODE_VOETGANGERS"
"544","de-13","4"
"545","de-13","IN_VB_ROZB"
"546","de-13","de-13"
"547","de-14","SA_SB_RODEMER"
"548","de-14","de-14"
"549","de-15","IN_KB_TUNNEL"
"550","de-16","SO_SB_RODEMER"
"551","de-18","SA_KS_LOZB"
"552","de-19","IN_KS_ROZWDEMER"
"553","de-2","rommelaar"
"554","de-2","Rommelaar"
"555","de-20","SO_KS_LOZB"
"556","de-21","SA_KS_RODEMER"
"557","de-22","SO_KS_LODEMER"
"558","de-23","SO2_KS_RODEMER"
"559","de-3","Messelbroek"
"560","de-4","Testelt"
"561","de-5","SO_ZICHEM_DEMER"
"562","de-6","SA_RIF_LODEMER"
"563","de-7","de-7"
"564","de-8","SA Hasselt"
"565","de-8","AAN_GB2_RODEMER"
"566","de-9","de-9"
"567","de-9","SA_GB_RODEMER"
"568","Dend","Zeeschelde - Dendermonde - Ponton Brandweer"
"569","De Poel","10 meter voor gemaal linkerzijde"
"570","du-Hamveer","Durme Hamveer"
"571","Enkhuizen","KNRM steiger"
"572","ES-1","ES-1"
"573","ES-2","ES-2"
"574","F1","F1"
"575","F2","F2"
"576","F3","F3"
"577","F4","F4"
"578","F5","F5"
"579","F6","F6"
"580","Fim total","Fim total"
"581","FW-1","FW-1"
"582","Galapos_1","Galapos_1"
"583","gn-Lier","Grote Nete Lier"
"584","Grote sluis Noordzee","zuidzijde"
"585","Grote sluis Noordzee","noordzijde"
"586","Grote sluis NZK","noordzijde"
"587","Halfweg boezemzijde","Voor gemaal"
"588","Halfweg NZKzijde","40 meter voor kanaal"
"589","HH1","HH1"
"590","HH10","HH10"
"591","HH10",""
"592","HH11","HH11"
"593","HH11",""
"594","HH2","HH2"
"595","HH3","HH3"
"596","HH4","HH4"
"597","HH5","HH5"
"598","HH5",""
"599","HH6","Terhulzen  Beringen, LO thv Style kapsalon"
"600","HH7","Terbekstraat (Tervant) thv geronoveerd huis"
"601","HH8","brug kanaalweg Tessenderlo"
"602","HH9","HH9"
"603","HH9",""
"604","ID1-C","ID1-C"
"605","ID1-E","ID1-E"
"606","ID1-N","ID1-N"
"607","ID1-S","ID1-S"
"608","ID1-W","ID1-W"
"609","ID-NE","ID-NE"
"610","ID-NW ","ID-NW "
"611","ID-SE","ID-SE"
"612","ID-SW","ID-SW"
"613","IN-1","IN-1"
"614","IN-2","IN-2"
"615","IN-3","IN-3"
"616","IN-4","IN-4"
"617","IN-5","IN-5"
"618","IN-6","IN-6"
"619","IN-7","IN-7"
"620","Jardim das Gorgonias","Jardim das Gorgonias"
"621","Kadoelen 1","Gemaalkom"
"622","Kadoelen 2","Vaart vanaf gemaal"
"623","Kadoelen 2","Polderzijde"
"624","Kadoelen 3","Vaart kanoclub"
"625","Kadoelen 4","Vaart polder in"
"626","Kadoelen 5","Grote vaart"
"627","Katwijk 1","Uitwateringskanaal"
"628","Katwijk 2","Midden voor gemaal"
"629","Katwijk 3","Voor brug"
"630","kGenOst","Kanaal Gent-Oostende - Lovendegem"
"631","klaipeda-1","Klaipeda strait"
"632","klaipeda-2","Klaipeda strait"
"633","klaipeda-3","Klaipeda strait"
"634","klaipeda-4","Klaipeda strait"
"635","Kleine sluis Noordzee","zuidzijde"
"636","Kleine sluis Noordzee","noordzijde"
"637","Kleine sluis NZK","noordzijde"
"638","kn-Lier","Kleine Nete Lier"
"639","Koog ad Zaan","Zaan"
"640","L1","Plymouth"
"641","L2","Plymouth"
"642","L3","Plymouth"
"643","L4","Plymouth"
"644","L5","Plymouth"
"645","L6","Plymouth"
"646","Lagosteiros","Lagosteiros"
"647","Lelystad","Sluizen"
"648","Loosdracht 2b gemaal","Slootje"
"649","Loosdrecht 1",""
"650","Loosdrecht2a sluis","Voor sluis"
"651","Loosdrecht 3","Kade bij huis "
"652","M1","Plymouth"
"653","M-1",""
"654","M-1","Mulzenbrug"
"655","M2","Plymouth"
"656","M-2","m-2"
"657","M-2","M-2"
"658","M-2",""
"659","M3","Plymouth"
"660","M-3",""
"661","M-3","M-3"
"662","M4","Plymouth"
"663","M-4","m-4"
"664","M-4",""
"665","M-4A","M-4A"
"666","M-4A",""
"667","M5","Plymouth"
"668","M-5",""
"669","M-5","M-5"
"670","M6","Plymouth"
"671","M-6",""
"672","M-6","M-6"
"673","M-7","Rupel"
"674","ma-1","ma-1"
"675","ma-1","RO stroomop stuw Borgharen (aan boompje)"
"676","ma-2","LO stroomop stuw Borgharen, aan ingang vistrap"
"677","ma-3","Maas SA Borgharen"
"678","ma-4",""
"679","ma-4","RO Zuid-Willemsvaart Borgharen (aan meetstation)"
"680","ma-4","ma-4"
"681","ma-5","LO stroomaf sluizencomplex Limmel (Julianakanaal), aan steigerpaal"
"682","ma-5","ma-5"
"683","ma-6","LO stroomop sluizen Afferden"
"684","ma-7","LO stroomop stuw Afferden"
"685","ma-8","RO stroomop stuw Afferden"
"686","ma-9","RO stroomop sluizen Afferden"
"687","Maarkebeek - onder eerste knelpunt","Maarkebeek - onder eerste knelpunt"
"688","Markiezaat-1","Afwateringskanaal"
"689","Markiezaat-2","Zuidkant Kreekraksluis"
"690","Markiezaat-3","Noordoostkant Kreekraksluis"
"691","Markiezaat-4","Noordwestkant Kreekraksluis"
"692","Markiezaat-5","Markiezaatsmeer"
"693","Markiezaat-6","Schelde-Rijnkanaal Noord"
"694","Markiezaat-7","Bergsediepsluis oost Bergesediep"
"695","Markiezaat-8","Bergediepsluis west Oosterschelde"
"696","me-7-2","Rupel"
"697","me-7-2b","Rupel"
"698","MerAsp","Bovenschelde - Halverwege Merelbeke/Asper"
"699","Middensluis Noordzee","noordzijde"
"700","Middensluis Noordzee","zuidzijde"
"701","Middensluis NZK","zuidzijde"
"702","Morcegos","Morcegos"
"703","MS-1","MS-1"
"704","MS-10","MS-10"
"705","MS-11","MS-11"
"706","MS-12","MS-12"
"707","MS-13","MS-13"
"708","MS-14","MS-14"
"709","MS-15","MS-15"
"710","MS-16","MS-16"
"711","MS-17","MS-17"
"712","MS-18","MS-18"
"713","MS-19","MS-19"
"714","MS-2","MS-2"
"715","MS-20","MS-20"
"716","MS-21","MS-21"
"717","MS-22","MS-22"
"718","MS-23","MS-23"
"719","MS-24","MS-24"
"720","MS-25","MS-25"
"721","MS-26","MS-26"
"722","MS-27","MS-27"
"723","MS-28","MS-28"
"724","MS-29","MS-29"
"725","MS-3","MS-3"
"726","MS-30","MS-30"
"727","MS-31","MS-31"
"728","MS-32","MS-32"
"729","MS-33","MS-33"
"730","MS-34","MS-34"
"731","MS-35","MS-35"
"732","MS-36","MS-36"
"733","MS-37","MS-37"
"734","MS-38","MS-38"
"735","MS-39","MS-39"
"736","MS-4","MS-4"
"737","MS-40","MS-40"
"738","MS-5","MS-5"
"739","MS-6","MS-6"
"740","MS-7","MS-7"
"741","MS-8","MS-8"
"742","MS-9","MS-9"
"743","Muiden","Aan drie palen"
"744","Nevengeul Oudenaarde (opwaarts)","Nevengeul Oudenaarde (Opwaarts)"
"745","ngAspm","Nevengeul Asper (Midden)"
"746","ngAspsa","Nevengeul Asper (Afwaarts)"
"747","ngAspso","Nevengeul Asper (Opwaarts)"
"748","ngOudm","Nevengeul Oudenaarde (Midden)"
"749","ngOudsa","Nevengeul Oudenaarde (Afwaarts)"
"750","ngOudso","Nevengeul Oudenaarde (Opwaarts)"
"751","Noordzeekanaal","zuidzijde"
"752","Noordzeekanaal","noordzijde"
"753","Ocean Revival","Portimão"
"754","Oranjesluis","Noordzeekanaal noord"
"755","Oranjesluis","Markermeerzijde Noord"
"756","Oranjesluis","Markermeerzijde midden"
"757","Oranjesluis","Markermeerzijde zuid"
"758","Oranjesluis","Noordzeekanaal midden"
"759","Oranjesluis","Noordzeekanaal zuid"
"760","Overtoom 1","NZK zijde"
"761","Overtoom 2","Bij kleine sluis"
"762","Overtoom 3","Gemaal binnenkant"
"763","P1",NA
"764","P10",NA
"765","P11",NA
"766","P12",NA
"767","P13",NA
"768","P14",NA
"769","P15",NA
"770","P16",NA
"771","P17",NA
"772","P18",NA
"773","P19",NA
"774","P2",NA
"775","P20",NA
"776","P3",NA
"777","P4",NA
"778","P5",NA
"779","P6",NA
"780","P7",NA
"781","P8",NA
"782","P9",NA
"783","PC4C-A5-1","PC4C-A5-1"
"784","PC4C-A5-2","PC4C-A5-2"
"785","PC4C-A5-3","PC4C-A5-3"
"786","PC4C-A5-4","PC4C-A5-4"
"787","PC4C-A5-5","PC4C-A5-5"
"788","PC4C-A5-6","PC4C-A5-6"
"789","PC4C-A6-1","PC4C-A6-1"
"790","PC4C-A7-1","PC4C-A7-1"
"791","PC4C-A7-2","PC4C-A7-2"
"792","PC4C-A7-3","PC4C-A7-3"
"793","PC4C-A7-4","PC4C-A7-4"
"794","PC4C-A7-5","PC4C-A7-5"
"795","PC4C-A7-6","PC4C-A7-6"
"796","PC4C-A8-1","PC4C-A8-1"
"797","PC4C-B08-1","PC4C-B08-1"
"798","PC4C-B08-2","PC4C-B08-2"
"799","PC4C-B08-3","PC4C-B08-3"
"800","PC4C-B08-4","PC4C-B08-4"
"801","PC4C-B08-5","PC4C-B08-5"
"802","PC4C-B08-6","PC4C-B08-6"
"803","PC4C-B09-1","PC4C-B09-1"
"804","PC4C-B10-1","PC4C-B10-1"
"805","PC4C-B10-2","PC4C-B10-2"
"806","PC4C-B10-3","PC4C-B10-3"
"807","PC4C-B10-4","PC4C-B10-4"
"808","PC4C-B10-5","PC4C-B10-5"
"809","PC4C-B10-6","PC4C-B10-6"
"810","PC4C-B6-1","PC4C-B6-1"
"811","PC4C-B6-2","PC4C-B6-2"
"812","PC4C-B6-3","PC4C-B6-3"
"813","PC4C-B6-4","PC4C-B6-4"
"814","PC4C-B6-5","PC4C-B6-5"
"815","PC4C-B6-6","PC4C-B6-6"
"816","PC4C-B7-1","PC4C-B7-1"
"817","PC4C-C05-1","PC4C-C05-1"
"818","PC4C-C05-10","PC4C-C05-10"
"819","PC4C-C05-2","PC4C-C05-2"
"820","PC4C-C05-3","PC4C-C05-3"
"821","PC4C-C05-4","PC4C-C05-4"
"822","PC4C-C05-5","PC4C-C05-5"
"823","PC4C-C05-6","PC4C-C05-6"
"824","PC4C-C05-7","PC4C-C05-7"
"825","PC4C-C05-8","PC4C-C05-8"
"826","PC4C-C05-9","PC4C-C05-9"
"827","PC4C-C08-1","PC4C-C08-1"
"828","PC4C-C09-1","PC4C-C09-1"
"829","PC4C-C09-2","PC4C-C09-2"
"830","PC4C-C09-3","PC4C-C09-3"
"831","PC4C-C09-4","PC4C-C09-4"
"832","PC4C-C09-5","PC4C-C09-5"
"833","PC4C-C09-6","PC4C-C09-6"
"834","PC4C-C10-1","PC4C-C10-1"
"835","PC4C-F05-1","PC4C-F05-1"
"836","PC4C-F05-2","PC4C-F05-2"
"837","PC4C-F05-3","PC4C-F05-3"
"838","PC4C-F05-4","PC4C-F05-4"
"839","PC4C-F05-5","PC4C-F05-5"
"840","PC4C-F05-6","PC4C-F05-6"
"841","PC4C-F05-7","PC4C-F05-7"
"842","PC4C-F05-8","PC4C-F05-8"
"843","Pedra Bonita","Pedra Bonita"
"844","Pedra do Leao","Pedra do Leao"
"845","Pedra do Leao","Arrábida"
"846","Pedra do Meio","Arrábida"
"847","PNA 1","PNA 1"
"848","PNA2","PNA2"
"849","Ponta da Passagem","Ponta da Passagem"
"850","Portelet Bay NE","Portelet Bay NE"
"851","Portelet Bay NW","Portelet Bay NW"
"852","Portelet Bay SE","Portelet Bay SE"
"853","Portelet Bay SW","Portelet Bay SW"
"854","R 0","R 0"
"855","r01","r01"
"856","R01","R01"
"857","r02","r02"
"858","R02","R02"
"859","r03","r03"
"860","R03","R03"
"861","r04","r04"
"862","R04","R04"
"863","r05","r05"
"864","R05","R05"
"865","r06","r06"
"866","R06","R06"
"867","r07","r07"
"868","R07","R07"
"869","r08","r08"
"870","R08","R08"
"871","r09","r09"
"872","R09","R09"
"873","R 1","R 1"
"874","r10","r10"
"875","R10","R10"
"876","R 10","R 10"
"877","r11","r11"
"878","R11","R11"
"879","R 11","R 11"
"880","r12","r12"
"881","R 12","R 12"
"882","r13","r13"
"883","R 13","R 13"
"884","r14","r14"
"885","R 14","R 14"
"886","r15","r15"
"887","R 15","R 15"
"888","R 2","R 2"
"889","R 3","R 3"
"890","R 4","R 4"
"891","R 5","R 5"
"892","R 6","R 6"
"893","R 7","R 7"
"894","R 8","R 8"
"895","R 9","R 9"
"896","RingvN","Noordervak Ringvaart - Stroomaf Complex Evergem"
"897","RingvWn","Westervak Ringvaart - Stroomop v d 2 Leiemondingen (Watersportbaan)"
"898","RingvWz","Westervak Ringvaart - Stroomop Complex Merelbeke"
"899","RingvZ","Zuidervak Ringvaart - Brug Merelbeke"
"900","Risco","Risco"
"901","RiscoWombat","RiscoWombat"
"902","River_popa","River_popa"
"903","River Popa","River Popa"
"904","Rusne-1","Rusne"
"905","Rusne-2","Rusne"
"906","Rusne-3","Rusne"
"907","Rusne-4","Rusne"
"908","S02","S02"
"909","S07","S07"
"910","S08","S08"
"911","S09","S09"
"912","S09-2","S09-2"
"913","s-1","s-1"
"914","s-1",""
"915","s-10","Aanlegsteiger Palingplaat"
"916","S10","S10"
"917","s-10a","Buoy near Palingplaat"
"918","s-11","Fort Liefkenshoek"
"919","s-11",""
"920","s-12",""
"921","s-12","Fort Lilo"
"922","S12","S12"
"923","S13","S13"
"924","S14","S14"
"925","S15","S15"
"926","S16","S16"
"927","S17","S17"
"928","S18","S18"
"929","s-2",""
"930","s-2","Gontrode"
"931","s-2a",""
"932","s-2a","Berlare"
"933","s-2a","s-2a"
"934","s-3",""
"935","s-3","Zele"
"936","s-4","Dendermonde"
"937","s-4a",""
"938","s-4a","Buggenhout"
"939","s-4b","s-4b"
"940","s-4b","Sint-Amands"
"941","s-4b",""
"942","s-4c",""
"943","s-4c","Branst"
"944","s-5","Hamme"
"945","s-5",""
"946","s-6",""
"947","s-6","Temse"
"948","s-7","Bornem"
"949","s-7",""
"950","s-8",""
"951","s-8","Hemiksem"
"952","s-8a",""
"953","s-8a","Veer Bzael"
"954","s-8a","Veer Bazel"
"955","s-9","Kruibeke"
"956","s-9a","BURCHT"
"957","s-9a",""
"958","saTBZwa","Zwalm - Stroomaf TerBiest - Schuisplanklos"
"959","Schinkelsluis","Bij palenrij rechts"
"960","s-Dendermonde","Schelde Dendermonde"
"961","sIOud","Bovenschelde - Kop Sluismuur Oudenaarde"
"962","slAsp","Bovenschelde - Kop Sluismuur Asper"
"963","soAsp","Bovenschelde - Stroomop Complex Asper"
"964","soMrbk","Bovenschelde - 400m SO monding Maarkebeek"
"965","SOmZwa","Bovenschelde - 400m SO monding Zwalm"
"966","soOud","Bovenschelde - Stroomop Complex Oudenaarde"
"967","Spaarndam","Kleine sluis"
"968","Spaarne gemaal","Voor gemaal"
"969","Spaarne sluis","Voor sluis"
"970","Spuisluis Noordzee","zuidzijde"
"971","Spuisluis Noordzee","noordzijde"
"972","Spuisluis NZK","noordzijde"
"973","Station 1","Skjern estuary"
"974","Station 10","Ringkøbing mouth"
"975","Station 11","Ringkøbing mouth"
"976","Station 12","Ringkøbing mouth"
"977","Station 13","Ringkøbing mouth"
"978","Station 14","Ringkøbing mouth"
"979","Station 15","Ringkøbing mouth"
"980","Station 2","Skjern estuary"
"981","Station 3","Skjern estuary"
"982","Station 4","Skjern estuary"
"983","Station 5","Skjern estuary"
"984","Station 6","Skjern estuary"
"985","Station 7C","Ringkøbing mouth"
"986","Station 7D","Ringkøbing mouth"
"987","Station 8C","Ringkøbing mouth"
"988","Station 8D","Ringkøbing mouth"
"989","Station 9C","Ringkøbing mouth"
"990","Station 9D","Ringkøbing mouth"
"991","stgAsp","Bovenschelde - Stuwgeul Asper"
"992","stgKer","Bovenschelde - Stuwgeul Kerkhove"
"993","stgOud","Bovenschelde - Stuwgeul Oudenaarde"
"994","stMel","Zeeschelde - Staketsels Melle"
"995","SU-1","SU-1"
"996","SU-2","SU-2"
"997","SU-3","SU-3"
"998","SU-4","SU-4"
"999","SU-5","SU-5"
"1000","SU-6","SU-6"
"1001","SU-7","SU-7"
"1002","Suderpolder-1","Tzum polder"
"1003","Suderpolder-2","Tzum boezem"
"1004","Suderpolder-3","Hitzum polder"
"1005","Suderpolder-4","Hitzum boezem"
"1006","Suderpolder-5","Franeker boezem"
"1007","Suderpolder-6","Harlingen Kanaal voor huis Boersma"
"1008","Suderpolder-7","Harlingen haven paal 2b"
"1009","s-Vlassenbroek","Schelde Vlassenbroek"
"1010","s-Wetteren","Wetteren"
"1011","s-Wichelen","Wichelen"
"1012","T0","Tijarm - Begin Tijarm"
"1013","Test Rotselaar","test Rotselaar"
"1014","TOEVOERKANAAL","TOEVOERKANAAL"
"1015","Tsost","Bovenschelde - Stroomop Stuw Tijarm"
"1016","Tst","Tijarm - Stuw"
"1017","V2LNR001","v2lnr"
"1018","V2LNR002","v2lnr"
"1019","V2LNR003","v2lnr"
"1020","V2LNR004","v2lnr"
"1021","V2LNR006","v2lnr"
"1022","V2LNR007","v2lnr"
"1023","V2LNR008","v2lnr"
"1024","V2LNR009","v2lnr"
"1025","V2LNR010","v2lnr"
"1026","V2LNR011","v2lnr"
"1027","V2LNR013","v2lnr"
"1028","V2LNR014","v2lnr"
"1029","V2LNR015","v2lnr"
"1030","V2LNR016","v2lnr"
"1031","V2LNR018","v2lnr"
"1032","V2LNR019","v2lnr"
"1033","V2LNR020","v2lnr"
"1034","V2LNR021","v2lnr"
"1035","V2LNR022","v2lnr"
"1036","V2LNR023","v2lnr"
"1037","V2LNR024","v2lnr"
"1038","V2LNR025","v2lnr"
"1039","V2LNR026","v2lnr"
"1040","V2LNR028","v2lnr"
"1041","V2LNR029","v2lnr"
"1042","V2LNR030","v2lnr"
"1043","V2LNR031","v2lnr"
"1044","V2LNR032","v2lnr"
"1045","V2LNR034","v2lnr"
"1046","V2LNR035","v2lnr"
"1047","V2LNR036","v2lnr"
"1048","V2LNR037","v2lnr"
"1049","V2LNR038","v2lnr"
"1050","V2LNR039","v2lnr"
"1051","V2LNR040","v2lnr"
"1052","V2LNR041","v2lnr"
"1053","V2LNR042","v2lnr"
"1054","V2LNR043","v2lnr"
"1055","V2LNR049","v2lnr"
"1056","V2LNR050","v2lnr"
"1057","V2LNR060","v2lnr"
"1058","V2LNR061","v2lnr"
"1059","V2LNR062","v2lnr"
"1060","Vinkeveen gemaal","Midden voor gemaal"
"1061","Vinkeveen sluis","Voor sluis links"
"1062","VLVS1","VLVS1"
"1063","VLVS10","VLVS10"
"1064","VLVS11","VLVS11"
"1065","VLVS12","VLVS12"
"1066","VLVS13","VLVS13"
"1067","VLVS14","VLVS14"
"1068","VLVS15","VLVS15"
"1069","VLVS2","VLVS2"
"1070","VLVS3","VLVS3"
"1071","VLVS4","VLVS4"
"1072","VLVS5","VLVS5"
"1073","VLVS6","VLVS6"
"1074","VLVS7","VLVS7"
"1075","VLVS8","VLVS8"
"1076","VLVS9","VLVS9"
"1077","VR2Tx-481410","Afwateringskanaal"
"1078","VR2W-115192","Nordhorn Kornmuhlenarm"
"1079","VR2W-115193","Nordhorn Parkstrasse "
"1080","VR2W-115194","Nordhorn Neumarkt"
"1081","VR2W-119055","Vilsteren nevengeul"
"1082","VR2W-119056","Nevengeul Junne"
"1083","VR2W-119060","Vilsteren beneden"
"1084","VR2W-119064","Beneden Regge"
"1085","VR2W-119066","Vechterweerd boven"
"1086","VR2W-119067","Junne Boven"
"1087","VR2W-119069","Monding Vecht"
"1088","VR2W-119070","Junne beneden"
"1089","VR2W-130586","Vechterweerd Beneden"
"1090","VR2W-130587","Ommerkanaal"
"1091","VR2W-132159","Hardenberg boven"
"1092","VR2W-132165","Hardenberg beneden"
"1093","VR2W-132271","De Haandrik beneden"
"1094","VR2W-133154","Vilsteren boven"
"1095","VR2W-134229","Tinholt beneden"
"1096","VR2W-134230","Diffelen nevengeul"
"1097","VR2W-134231","De Haandrik grens"
"1098","VR2W-134232","Dinkel"
"1099","VR2W-134233","De Haandrik boven"
"1100","VR2W-134234","Neuenhaus klaranlage boven"
"1101","VR2W-134235","Vechterweerd boven"
"1102","VR2W-134236","Diffelen beneden"
"1103","VR2W-134237","Neuenhaus klaranlage beneden"
"1104","VR2W-134238","Neuenhaus LuchthookstraBe beneden"
"1105","VR2W-134239","Diffelen boven"
"1106","VR2W-134240","Neuenhaus LuchthookstraBe boven"
"1107","VR2W-134241","Tinholt boven"
"1108","VR2W-134242","Hardenberg vistrap"
"1109","Wett","Zeeschelde - Schellebelle - Voetveer"
"1110","WH - 01","Wavehub"
"1111","WH - 02","Wavehub"
"1112","WH - 03","Wavehub"
"1113","WH - 04","Wavehub"
"1114","WH - 05","Wavehub"
"1115","WH - 06","Wavehub"
"1116","Willem 2 sluis 2","NZK zijde"
"1117","WP015","WP015"
"1118","WP016","WP016"
"1119","WP017","WP017"
"1120","ws-11","ws-11"
"1121","ws-11","12 ISO 4s 11"
"1122","ws-12A","20 Iso 8s 12A"
"1123","ws-12A","Boei Iso 8s 12A"
"1124","ws-13","11 ISO 8s 13"
"1125","ws-14","19 14"
"1126","ws-14","Boei 14"
"1127","ws-14","ws-14"
"1128","ws-14",""
"1129","ws-15","7 Q 15"
"1130","ws-15A","6 VQ 15 A"
"1131","ws-16","Iso 4s 16"
"1132","ws-16","18 Iso 4s 16"
"1133","ws-18","17 Iso 8s 18"
"1134","ws-23","21 Iso 4s 23"
"1135","ws-25","14 Q25"
"1136","WS-250m","250m"
"1137","ws-25A","25A"
"1138","ws-25B","16 Iso 8s 25B"
"1139","ws-25B","25B"
"1140","ws-2C","Q2C"
"1141","ws-2C","13 Q 2C"
"1142","ws-4","9 ISO 4s 4"
"1143","ws-42A","42A"
"1144","ws-42A",""
"1145","ws-53",""
"1146","ws-53","53"
"1147","ws-53A",""
"1148","ws-53A","53A"
"1149","ws-55","55"
"1150","ws-55",""
"1151","ws-6","8 ISO 8s 6"
"1152","ws-A1","A1"
"1153","ws-A1","5 A1"
"1154","ws-A3","4 A3"
"1155","ws-A5","3 A5"
"1156","ws-borssele","ws-borssele"
"1157","ws-DL12","DL-12"
"1158","ws-DL7","DL-7"
"1159","ws-DL9","DL-9"
"1160","ws-F42","F42"
"1161","ws-FZ2","FZ2"
"1162","ws-GVWSP","GVW-SP"
"1163","ws-HW6","ws_HW6"
"1164","ws-HW6",""
"1165","ws-K","15 Obstn K"
"1166","ws-K","Obstn K"
"1167","ws-OG10","OG-10"
"1168","ws-OGDL","OGDL"
"1169","ws-PPB","2 PPB"
"1170","ws-PPB","1 PPB"
"1171","ws-PPC","2 PPC"
"1172","ws-PPC","1 PPC"
"1173","ws-PVTSS","10 VQ(3)5s"
"1174","ws-SP3","SP-2"
"1175","ws-STD3","Doel nuclear plant"
"1176","ws-STEEN","STEEN"
"1177","ws-TRAWL","TRAWL"
"1178","ws-W6","W-6"
"1179","ws-W7","W7"
"1180","ws-W7",""
"1181","ws-W7","W-7"
"1182","ws-W7","ws-W7"
"1183","ws-WN2","WN-2"
"1184","Z1E4","Artifical Reef Leucate-Le Barcarès"
"1185","Z2E4","Artifical Reef Leucate-Le Barcarès"
"1186","Z3E4","Artifical Reef Leucate-Le Barcarès"
"1187","Z4E4","Artifical Reef Leucate-Le Barcarès"
"1188","Z5E4","Artifical Reef Leucate-Le Barcarès"
"1189","Z6E4","Artifical Reef Leucate-Le Barcarès"
"1190","Zaangemaal 1","Polderzijde"
"1191","Zaangemaal 2","Gemaalkom"
"1192","Zaangemaal 3","NZK zijde"
"1193","zandvlietsluis haven B","Zandvlietsluis Albertkanaal"
"1194","Zijkanaal C kom","Achter gemaal"
"1195","Zijkanaal C kom","Achter sluis"
"1196","Zult","Leie - Stroomaf Complex St-Baafs-vijve"
"1197","Zwanenburg","overzijde kanaal"
